name,ref pdb,input fasta,RMSD95 CA,RMSD95 CA iter,pred pdb aligned,RSMD_cdr1_heavy,RSMD_cdr2_heavy,RSMD_cdr3_heavy,RSMD_fwr1_heavy,RSMD_fwr2_heavy,RSMD_fwr3_heavy,RSMD_fwr4_heavy,RSMD_cdr1_light,RSMD_cdr2_light,RSMD_cdr3_light,RSMD_fwr1_light,RSMD_fwr2_light,RSMD_fwr3_light,RSMD_fwr4_light
XDBv2_exp-23219-IL13_hs-4b02_4b06_B_final_,benchmarking/int_nb_59/XDBv2_exp-23219-IL13_hs-4b02_4b06_B.pdb,DVQLVESGGGVVQPGGSLRLSCAASGRTFSSYRMGWFRQAPGKEREFVAALSGDGYSTYTANSVKGRFTISRDNSKNTVYLQMNSLRPEDTALYYCAAKLQYVSGWSYDYPYWGQGTLVTVSS,0.8618831,0.8230766,benchmarking/predicted/7_30_run_2-v1-seed_1-noref/XDBv2_exp-23219-IL13_hs-4b02_4b06_B_final_model_aligned.pdb,0.63831323,0.90331244,3.4583204,0.5842575,1.5147659,0.4102106,0.61942565,-1,-1,-1,-1,-1,-1,-1
RANKL-R13h5_A_final_,benchmarking/int_nb_59/RANKL-R13h5_A.pdb,EVQLVESGGGLVQPGGSLRLSCAASGFTFSSYPMGWFRQAPGKGREFVSSITGSGGSTYYADSVKGRFTISRDNAKNTLYLQMNSLRPEDTAVYYCAAYIRPDTYLSRDYRKYDYWGQGTLVTVS,0.8566538,0.7146741,benchmarking/predicted/7_30_run_2-v1-seed_1-noref/RANKL-R13h5_A_final_model_aligned.pdb,0.29491854,0.40180838,4.2995343,0.43355486,0.58423424,0.24861062,1.0941443,-1,-1,-1,-1,-1,-1,-1
XDBv2_exp-23219-IL13_hs-4b02_4b06_K_final_,benchmarking/int_nb_59/XDBv2_exp-23219-IL13_hs-4b02_4b06_K.pdb,DVQLVESGGGVVQPGGSLRLSCAASGFTFNNYAMKWVRQAPGKGLEWVSSITTGGGSTDYADSVKGRFTISRDNSKNTLYLQMNSLRPEDTALYYCANVPFGYYSEHFSGLSFDYRGQGTLVTVSS,0.8491225,0.83812964,benchmarking/predicted/7_30_run_2-v1-seed_1-noref/XDBv2_exp-23219-IL13_hs-4b02_4b06_K_final_model_aligned.pdb,0.7683039,0.28896448,3.9064758,0.55317086,0.6307363,0.31115344,0.42557263,-1,-1,-1,-1,-1,-1,-1
XDBv2_exp-22647-Human4-1BB24-160_C121SN138DN149Q-VHH1_41BB_A_final_,benchmarking/int_nb_59/XDBv2_exp-22647-Human4-1BB24-160_C121SN138DN149Q-VHH1_41BB_A.pdb,QVQLQESGGGLVQPGGSLRLSCAASGGLFSINTGGWYRQAPGKQRELVATITHDDRTNYAESVKGRFTLSRDNAKNTVYLQMNSLKPEDTAVYYCRLGSAAIRGYWGQGTQVTVSSAAHHHH,0.7591662,0.7360984,benchmarking/predicted/7_30_run_2-v1-seed_1-noref/XDBv2_exp-22647-Human4-1BB24-160_C121SN138DN149Q-VHH1_41BB_A_final_model_aligned.pdb,3.7827506,0.8558402,2.0936785,0.5721657,0.781453,0.38440824,0.6823472,-1,-1,-1,-1,-1,-1,-1
XDBv2_exp-24200-40C01-Nb40C01_N_final_,benchmarking/int_nb_59/XDBv2_exp-24200-40C01-Nb40C01_N.pdb,EVQLVESGGGLVQPGGSLSLSCAASGDTFGTKAMGWFRQAPGKGREFVAAITWTAGLTYLADSAKGRFTISKDRVQNTVYLEMNNLEPEDTAVYYCASRRTFSYEHPNYYTASAYHFWGQGTLVTVS,1.180382,1.1660461,benchmarking/predicted/7_30_run_2-v1-seed_1-noref/XDBv2_exp-24200-40C01-Nb40C01_N_final_model_aligned.pdb,3.400507,1.712644,2.9581614,0.8000698,0.61942863,1.0137243,0.64372706,-1,-1,-1,-1,-1,-1,-1
XDBv2_exp-23124-CD28-CL-385486_A_final_,benchmarking/int_nb_59/XDBv2_exp-23124-CD28-CL-385486_A.pdb,EVQLVESGGGVVQPGGSLRLSCVASGSIGSIDAMAWYRQAPGKERAMVAFITSGGRTTYPDPVKGRFTISRDGASNTVSLQMDGLRPDDTALYYCNVLLRDRLGSGRTYWGQGTLVTVSA,1.4742568,1.3190823,benchmarking/predicted/7_30_run_2-v1-seed_1-noref/XDBv2_exp-23124-CD28-CL-385486_A_final_model_aligned.pdb,3.579237,0.3398578,6.876643,0.77746505,0.38807353,0.7227607,0.6575061,-1,-1,-1,-1,-1,-1,-1
XDBv2_exp-24201-46C04-Nb46C04_N_final_,benchmarking/int_nb_59/XDBv2_exp-24201-46C04-Nb46C04_N.pdb,EVQLVESGGGLVQAGGSLRLSCAASGFTFSSYAMAWFRQAPGKEREFVAVISLSGGSVDYRDSVKGRFTISRDNAQSTVSLQMNNLKPEDTAIYYCAARPVYMKWSERDFDYWGQGTLVTVS,0.9566616,0.9416154,benchmarking/predicted/7_30_run_2-v1-seed_1-noref/XDBv2_exp-24201-46C04-Nb46C04_N_final_model_aligned.pdb,2.0478537,0.9839781,1.5773208,0.78130877,2.1433053,0.60344875,0.79242235,-1,-1,-1,-1,-1,-1,-1
modc2-ref5_refmac1_B_final_,benchmarking/int_nb_59/modc2-ref5_refmac1_B.pdb,QVQLVESGGGLVQPGGSLRLSCAASGFTFSSFGMSWVRQAPGKGLEWVSSISGSGSDTLYADSVKGRFTISRDNAKTTLYLQMNSLKPEDTAVYYCTIGGSLSRSSQGTQVTVSS,0.68124765,0.6881491,benchmarking/predicted/7_30_run_2-v1-seed_1-noref/modc2-ref5_refmac1_B_final_model_aligned.pdb,0.71936953,0.8010683,2.9727025,0.44486722,0.8130954,0.35223153,1.5226071,-1,-1,-1,-1,-1,-1,-1
Nb_37D5_22E11_124C4_vs_IL23_H_final_,benchmarking/int_nb_59/Nb_37D5_22E11_124C4_vs_IL23_H.pdb,AVQLVESGGGLVQAGGSLRLSCAASGRTFSWSAVGWFRQAPGKEREFVAAIRWSGGSPYYADSVKGRFTISRDNAKNTVYLQMNSLRPEDTAVYLCGETSLFPTSRGSHYDTWGQGTQVTVSA,0.7817323,0.7739999,benchmarking/predicted/7_30_run_2-v1-seed_1-noref/Nb_37D5_22E11_124C4_vs_IL23_H_final_model_aligned.pdb,3.5208733,1.1624407,1.0129393,0.5746748,0.8572553,0.7762073,0.50238633,-1,-1,-1,-1,-1,-1,-1
XDBv2_exp-24197-CD79A-Nb91F11B_N_final_,benchmarking/int_nb_59/XDBv2_exp-24197-CD79A-Nb91F11B_N.pdb,EVQLVESGGGWVQPGGSLRLSCAASGGIASIDWLGWYRQAPGKQRELVARIGNVGTYYPESVKGRFTISVDKSKNTGYLRMNSLKPEDTAVYNCRIYEVRHGNPRDFWGQGTLVTVSSA,1.0785693,1.1096644,benchmarking/predicted/7_30_run_2-v1-seed_1-noref/XDBv2_exp-24197-CD79A-Nb91F11B_N_final_model_aligned.pdb,2.4533706,2.97934,2.2336555,0.9711546,1.294187,0.7472649,0.7324572,-1,-1,-1,-1,-1,-1,-1
tnf_F10_refmac5_H_final_,benchmarking/int_nb_59/tnf_F10_refmac5_H.pdb,AQLVESGGGLVQAGGSLSLSCSASGRSLSNYYMGWFRQAPGKERELLGNISWRGYNIYYKDSVKGRFTISRDDAKNTIYLQMNRLKPEDTAVYYCAASILPLSDDPGWNTYWGQGTQVTVS,0.9027803,0.9066089,benchmarking/predicted/7_30_run_2-v1-seed_1-noref/tnf_F10_refmac5_H_final_model_aligned.pdb,2.292882,1.6438245,2.3294106,0.8454393,0.53161865,0.49872178,0.4897118,-1,-1,-1,-1,-1,-1,-1
XDBv2_exp-23914-abTCR-TCE01_T0170542C04_C_final_,benchmarking/int_nb_59/XDBv2_exp-23914-abTCR-TCE01_T0170542C04_C.pdb,VQLVESGGGLVQAGGSLRLSCAASGSIVGIHSVGWYRQVPGRQRELVATIVTDTGTHYRDFVKGRFTISRDIAKNTLYLQMNSLQPEDTAVYYCYFNLIRGRYWGQGTLVTVSS,1.0024332,1.0148001,benchmarking/predicted/7_30_run_2-v1-seed_1-noref/XDBv2_exp-23914-abTCR-TCE01_T0170542C04_C_final_model_aligned.pdb,2.7791429,3.1431346,1.9996111,0.72110844,0.6290747,1.4950855,0.45610625,-1,-1,-1,-1,-1,-1,-1
Her2-nb4_BRUCH_cryoEM_B_final_,benchmarking/int_nb_59/Her2-nb4_BRUCH_cryoEM_B.pdb,VQLVESGGGVVQPGGSLRLSCAASGSIFGFNDMAWYRQAPGKQRELVALISRVGVTSSADSVKGRFTISRVNAKDTVYLQMNSLRPEDTALYYCYMDQRLDGSTLAYWGQGTLVTVSS,0.79407585,0.7821299,benchmarking/predicted/7_30_run_2-v1-seed_1-noref/Her2-nb4_BRUCH_cryoEM_B_final_model_aligned.pdb,4.3643975,0.8382691,1.6029605,0.5273071,0.66587096,0.65386534,0.48523477,-1,-1,-1,-1,-1,-1,-1
ox40l-15b07_x1_apo_kabat_A_final_,benchmarking/int_nb_59/ox40l-15b07_x1_apo_kabat_A.pdb,DVQLVESGGGVVQPGGSLRLSCAASRSIGRYDRMGWYRHRPGEPRELVATITGGSSINYGDSVKGRFTISIDNSKNTVYLQMNSLRPEDTALYYCNFNKYQISRDTWGQGTLVTVSS,1.022985,1.0018967,benchmarking/predicted/7_30_run_2-v1-seed_1-noref/ox40l-15b07_x1_apo_kabat_A_final_model_aligned.pdb,2.7921348,1.1006267,2.6762176,0.7291475,0.9380546,0.8567035,0.7105969,-1,-1,-1,-1,-1,-1,-1
1ocuj_H_final_,benchmarking/int_nb_59/1ocuj_H.pdb,DVQLVESGGGVVQPGGSLRLSCAAPGDTFSENDIGWFRQTPGKEREFVAAIVWPGGETYYRDSVKGRFTLSRDNAKNTVYLQMNSLRPEDTALYYCAVKIFSKTGTYSASWEYDFWGQGTLVTVSS,1.2210346,1.1770453,benchmarking/predicted/7_30_run_2-v1-seed_1-noref/1ocuj_H_final_model_aligned.pdb,2.7473218,2.1354587,3.9517758,1.8415622,0.61479414,0.43360195,0.9901759,-1,-1,-1,-1,-1,-1,-1
XDBv2_exp-23179-IL6-F027201068_H_final_,benchmarking/int_nb_59/XDBv2_exp-23179-IL6-F027201068_H.pdb,VQLVESGGGVVQPGGSLRLSCAASGFTLAYYAIGWFRQAPGKEREGVSCISGSVGTTYYADSVKGRFTISRDNAKNTVYLQMNSLRPEDTALYYCVRSSWFDCGVQGRDLGNEYDYRGQGTLVTV,1.4113296,1.4305004,benchmarking/predicted/7_30_run_2-v1-seed_1-noref/XDBv2_exp-23179-IL6-F027201068_H_final_model_aligned.pdb,1.5882007,1.7616359,5.15488,0.668191,0.7407058,0.432237,0.57969683,-1,-1,-1,-1,-1,-1,-1
XDBv2_exp-22646-Human4-1BB24-160_C121SN138DN149Q-VHH3_41BB_D_final_,benchmarking/int_nb_59/XDBv2_exp-22646-Human4-1BB24-160_C121SN138DN149Q-VHH3_41BB_D.pdb,VQLQESGGGLVQPGGSLRLSCAASGFTFSDHTMTWVRQAPGKGLEWVSSISSGGSRIIYADSVKGRFTISRDNAKNTLYLQMNNLRPEDTAVYFCARGTRYKMSTSGPGTQVTVS,0.5025274,0.5065455,benchmarking/predicted/7_30_run_2-v1-seed_1-noref/XDBv2_exp-22646-Human4-1BB24-160_C121SN138DN149Q-VHH3_41BB_D_final_model_aligned.pdb,0.38592365,0.28374323,2.2786038,0.30847317,0.7649251,0.28513238,0.9388335,-1,-1,-1,-1,-1,-1,-1
XDBv2_exp-23046-PDL1-CD274-A005500942nb_N_final_,benchmarking/int_nb_59/XDBv2_exp-23046-PDL1-CD274-A005500942nb_N.pdb,EVQLVESGGGVVQPGGSLRLSCAASGSIFTSAVMEWFRQAPGKERVLVARIGSGGRIAYVDSVKGRFTISRDNSKNTVTLQMNSLRPEDTALYYCRSVIGGYIYWGQGTLVTVSSHHH,0.5338851,0.5321439,benchmarking/predicted/7_30_run_2-v1-seed_1-noref/XDBv2_exp-23046-PDL1-CD274-A005500942nb_N_final_model_aligned.pdb,2.1973808,0.53461456,0.99378324,0.38543478,0.86806357,0.3357705,0.6126112,-1,-1,-1,-1,-1,-1,-1
XDBv2_exp-23464-OX40-A0292021G08_A0292022A01_M_final_,benchmarking/int_nb_59/XDBv2_exp-23464-OX40-A0292021G08_A0292022A01_M.pdb,EVQLVESGGGLVRTGGSLRLSCAASGRPFSPLYMGWFRQVPGKEREFVATISWTFGKTYYAESVKGRFTISSDNAKNTVYLQMNSLQPEDTAIYYCADSTYYRETYYPISRSEYDYWGQGTLVTVSS,0.8886565,0.84818757,benchmarking/predicted/7_30_run_2-v1-seed_1-noref/XDBv2_exp-23464-OX40-A0292021G08_A0292022A01_M_final_model_aligned.pdb,2.8944662,0.63931,2.3928094,0.63197327,1.0441864,0.34883663,0.354114,-1,-1,-1,-1,-1,-1,-1
HSA_EXP435_B_final_,benchmarking/int_nb_59/HSA_EXP435_B.pdb,EVQLVESGGGLVQAGDSLRLSCAASGRPFSSYVMGWFRRAPGKEREFVGGINWNSGNTWYTDSVLGRFTISRDNAKNTVDLQMNSLKPEDTAVYYCATGSGVGYYRYGRQFDYWGQGTQVTVSS,2.0468955,2.1429505,benchmarking/predicted/7_30_run_2-v1-seed_1-noref/HSA_EXP435_B_final_model_aligned.pdb,3.9332087,6.05734,2.7543347,0.8987865,1.6318222,2.9029157,0.60964566,-1,-1,-1,-1,-1,-1,-1
XDBv2_exp-23867-Her2-nb3-27A05_nb4-47D05_Fab-37996_A_final_,benchmarking/int_nb_59/XDBv2_exp-23867-Her2-nb3-27A05_nb4-47D05_Fab-37996_A.pdb,VQLVESGGGLVQAGGSLRLSCVASGIPFSTRTMAWYRQPPGNERDWVATIRSGAPVYADSVKGRFTVSRDNAKNTLYLQMNSLEPEDTATYYCWDVNGDIWGQGTLVTV,0.612323,0.6308642,benchmarking/predicted/7_30_run_2-v1-seed_1-noref/XDBv2_exp-23867-Her2-nb3-27A05_nb4-47D05_Fab-37996_A_final_model_aligned.pdb,1.5706522,1.3877375,1.144422,0.4577541,0.44246465,0.46756002,0.57744163,-1,-1,-1,-1,-1,-1,-1
1vwsh_B_final_,benchmarking/int_nb_59/1vwsh_B.pdb,DVQLVESGGGSVQAGGSLRLSCAASGRTFSDYVMGWFRQAPGKEREPVAAIGWSGDSTYYRGSVKGRFTISRDNAKNTVYLQMNSLKPKDTAVYYCAASLALGDSTWFPPRNHEYNYWGQGTLVTVSS,1.2011485,0.99392843,benchmarking/predicted/7_30_run_2-v1-seed_1-noref/1vwsh_B_final_model_aligned.pdb,0.86311096,1.0032933,6.2605753,0.5038292,0.54860264,0.3389034,0.5423132,-1,-1,-1,-1,-1,-1,-1
XDBv2_exp-23005-IL6-phd-F027200921_A_final_,benchmarking/int_nb_59/XDBv2_exp-23005-IL6-phd-F027200921_A.pdb,QLVESGGGVVQPGGSLRLSCAASGRTFSNYAMAWFRQAPGKEREFVAVISYAGGRTYYADSVKGRFTISRDNAKNTVYLQMNSLRPEDTALYYCAAVDSPLIATHPRGYDYWGQGTLVTVSS,0.51426053,0.49979168,benchmarking/predicted/7_30_run_2-v1-seed_1-noref/XDBv2_exp-23005-IL6-phd-F027200921_A_final_model_aligned.pdb,1.8884593,2.1799173,1.3269234,0.3795087,0.36872154,0.2764373,0.4353693,-1,-1,-1,-1,-1,-1,-1
XDBv2_exp-23867-Her2-nb3-27A05_nb4-47D05_Fab-37996_B_final_,benchmarking/int_nb_59/XDBv2_exp-23867-Her2-nb3-27A05_nb4-47D05_Fab-37996_B.pdb,VQLVESGGGVVQPGGSLRLSCAASGSIFGFNDMAWYRQAPGKQRELVALISRVGVTSSADSVKGRFTISRVNAKDTVYLQMNSLRPEDTALYYCYMDQRLDGSTLAYWGQGTLVTVS,0.7831674,0.7640699,benchmarking/predicted/7_30_run_2-v1-seed_1-noref/XDBv2_exp-23867-Her2-nb3-27A05_nb4-47D05_Fab-37996_B_final_model_aligned.pdb,4.393392,0.72227645,1.8169061,0.62374824,0.5882606,0.41874826,0.5401125,-1,-1,-1,-1,-1,-1,-1
1jcwe_B_final_,benchmarking/int_nb_59/1jcwe_B.pdb,DVQLVESGGGVVQPGGSLRLSCAASGRTFSSYRMGWFRQAPGKEREFVAALSGDGYSTYTANSVKGRFTISRDNSKNTVYLQMNSLRPEDTALYYCAAKLQYVSGWSYDYPYWGQGTLVTVSS,0.79398817,0.7784913,benchmarking/predicted/7_30_run_2-v1-seed_1-noref/1jcwe_B_final_model_aligned.pdb,0.78435785,0.94153786,3.407845,0.47304058,1.2878512,0.43642956,0.45424303,-1,-1,-1,-1,-1,-1,-1
trimer_3e_D_final_,benchmarking/int_nb_59/trimer_3e_D.pdb,QLQESGGGLVQPGGSLRLSCAAAGASDASGYGYTIGWFRQAPGKEREFVARIYWSSGNTYYADSVKGRFAISRDIAKNTVDLTMNNLEPEDTAVYYCAARDGIPTSRSVESYNYWGQGTQVTVSS,0.78129053,0.7971016,benchmarking/predicted/7_30_run_2-v1-seed_1-noref/trimer_3e_D_final_model_aligned.pdb,4.131086,0.4695405,1.804233,0.4501809,0.30234665,0.50299394,0.3480706,-1,-1,-1,-1,-1,-1,-1
1diax_H_final_,benchmarking/int_nb_59/1diax_H.pdb,EVQLVESGGRLVQAGESLRLSCAASGSSFSLNYMAWFRQVPGREREFVAAIHWAARTTHYADSVKGRFTISIDSTDITVYLQMNNLKPADTAKYYCATTNQFYEFYSGVFDYQNYDAWGEGTLVTVSS,1.197599,1.1717535,benchmarking/predicted/7_30_run_2-v1-seed_1-noref/1diax_H_final_model_aligned.pdb,3.4845366,0.5068294,3.7499976,0.35302252,1.0780813,0.82260674,0.47207397,-1,-1,-1,-1,-1,-1,-1
XDBv2_exp-23914-abTCR-TCE01_T0170542C04_T_final_,benchmarking/int_nb_59/XDBv2_exp-23914-abTCR-TCE01_T0170542C04_T.pdb,DVQLVESGGGVVQPGGSLRLSCVASGYVHKINFYGWYRQAPGKEREKVAHISIGDQTDYADSAKGRFTISRDESKNTVYLQMNSLRPEDTAAYYCRALSRIWPYDYWGQGTLVTVSS,0.9089373,0.88923335,benchmarking/predicted/7_30_run_2-v1-seed_1-noref/XDBv2_exp-23914-abTCR-TCE01_T0170542C04_T_final_model_aligned.pdb,1.4879125,1.4684999,3.3693917,0.61312586,0.47801936,0.9936852,0.7415959,-1,-1,-1,-1,-1,-1,-1
XDBv2_exp-23927-CD4-T0232_N_final_,benchmarking/int_nb_59/XDBv2_exp-23927-CD4-T0232_N.pdb,EVQLVESGGGSVQPGGSLTLSCGTSGRTFNVMGWFRQAPGKEREFVAAVRWSSTGIYYTQYADSVKSRFTISRDNAKNTVYLEMNSLKPEDTAVYYCAADTYNSNPARWDGYDFRGQGTLVTVS,1.190535,1.193164,benchmarking/predicted/7_30_run_2-v1-seed_1-noref/XDBv2_exp-23927-CD4-T0232_N_final_model_aligned.pdb,1.8260117,3.536132,1.7590764,1.0762677,1.1774174,1.132162,0.95589066,-1,-1,-1,-1,-1,-1,-1
Nb_3C1_119A3_81A12_vs_IL23_J_final_,benchmarking/int_nb_59/Nb_3C1_119A3_81A12_vs_IL23_J.pdb,EVQLVESGGGSVQAGGSLRLSCKVSGIMFSDKGMGWFRQAPGKERETVAATNWSGGSTYYADSVKGRFTISRDNYKNTLHLQMASLKPEDTGIYYCAAAGDSWNSRRIEDYDYWGQGTPVTVSS,1.0135046,1.0196513,benchmarking/predicted/7_30_run_2-v1-seed_1-noref/Nb_3C1_119A3_81A12_vs_IL23_J_final_model_aligned.pdb,0.9544477,1.2522068,1.7339801,1.3227623,0.7949553,0.8603716,1.3459309,-1,-1,-1,-1,-1,-1,-1
XDBv2_exp-23144-IL6-F027200921_A_final_,benchmarking/int_nb_59/XDBv2_exp-23144-IL6-F027200921_A.pdb,QLVESGGGVVQPGGSLRLSCAASGRTFSNYAMAWFRQAPGKEREFVAVISYAGGRTYYADSVKGRFTISRDNAKNTVYLQMNSLRPEDTALYYCAAVDSPLIATHPRGYDYWGQGTLVTVSS,0.8080462,0.7982465,benchmarking/predicted/7_30_run_2-v1-seed_1-noref/XDBv2_exp-23144-IL6-F027200921_A_final_model_aligned.pdb,1.9157642,2.3162518,1.3726568,0.75374794,1.8861219,0.35776952,0.6312623,-1,-1,-1,-1,-1,-1,-1
XDBv2_exp-23265-PD1-34-150-C93S-A030500012_H_final_,benchmarking/int_nb_59/XDBv2_exp-23265-PD1-34-150-C93S-A030500012_H.pdb,VQLVESGGRLVQAGDSLRLSCAASGSSFSLNYMAWFRRAPGKEREFVAAIHWAAHTTHYADSVKGRFTISRDSTDITVYLQMNNLKPDDTAVYYCATTNQFYQFYSGAFDYHNYDAWGRGTLVTVSS,1.1464347,1.1977744,benchmarking/predicted/7_30_run_2-v1-seed_1-noref/XDBv2_exp-23265-PD1-34-150-C93S-A030500012_H_final_model_aligned.pdb,4.7736087,0.928038,3.0210102,0.33166492,0.44093695,0.86548704,0.47052288,-1,-1,-1,-1,-1,-1,-1
1nuqn_A_final_,benchmarking/int_nb_59/1nuqn_A.pdb,VQLVESGGGLAQAGGSLRLSCLASGDTFIGYVMGWFRQAPGKEREFVAAITSGGGNTNYRDSVRARFTISRDNAKNMVNLQMNSLKPEDTAVYYCAAGVRYYGGSYFPANAMDYWGKGTLVTVSS,0.84538084,0.5907603,benchmarking/predicted/7_30_run_2-v1-seed_1-noref/1nuqn_A_final_model_aligned.pdb,0.92039883,0.865263,5.1223383,0.5036162,0.5973828,0.41167587,0.9217864,-1,-1,-1,-1,-1,-1,-1
XDBv2_exp-23101-OX40L-Nb1E07_A_final_,benchmarking/int_nb_59/XDBv2_exp-23101-OX40L-Nb1E07_A.pdb,DVQLVESGGGVVQPGGSLRLSCAASGRTFSSIYAKGWFRQAPGKEREFVAAISRSGRSTSYADSVKGRFTISRDNSKNTVYLQMNSLRPEDTALYYCAAVGGATTVTASEWDYWGQGTLVTVS,0.75896806,0.7565199,benchmarking/predicted/7_30_run_2-v1-seed_1-noref/XDBv2_exp-23101-OX40L-Nb1E07_A_final_model_aligned.pdb,3.5181084,0.24765003,2.2035437,0.7078736,0.5006813,0.40287876,0.32189858,-1,-1,-1,-1,-1,-1,-1
XDBv2_exp-24089-38C12-Nb38C12_B_final_,benchmarking/int_nb_59/XDBv2_exp-24089-38C12-Nb38C12_B.pdb,EVQLVESGGGLVQPGGSLRLSCVASGLFLSDYTLAWFRQAPGKEREFVIVSTWNGYTYYGESVSGRFTISRDNAEKTVFLQMNSLKPEDTAVYYCAAKFRISYNVRDDSFYDLWGQGTLVTVSSA,2.067848,2.0754354,benchmarking/predicted/7_30_run_2-v1-seed_1-noref/XDBv2_exp-24089-38C12-Nb38C12_B_final_model_aligned.pdb,1.7247396,2.5016885,6.124205,1.0503691,1.9581171,2.5962174,1.0604872,-1,-1,-1,-1,-1,-1,-1
IgE-Fc2-3-4_Nb-IgE045_C_final_,benchmarking/int_nb_59/IgE-Fc2-3-4_Nb-IgE045_C.pdb,EVQLLESGGGLVQPGGSLRLSCAASGFTFGNYDMAWVRQAPGKRPEWVSSIDTGGDITHYADSVKGRFTISRDNAKNTLYLQMNSLRPEDTAVYWCATDEEYALGPNEFDYYGQGTLVTVS,0.51874006,0.5309823,benchmarking/predicted/7_30_run_2-v1-seed_1-noref/IgE-Fc2-3-4_Nb-IgE045_C_final_model_aligned.pdb,0.37538058,0.34658563,2.276405,0.41907838,0.76742375,0.26483428,0.42765114,-1,-1,-1,-1,-1,-1,-1
TSLP-501A02_C_final_,benchmarking/int_nb_59/TSLP-501A02_C.pdb,VQLVESGGGVVQPGGSLRLSCAASGSGFGVNILYWYRQAAGIERELIASITSGGITNYVDSVKGRFTISRDNSENTMYLQMNSLRAEDTGLYYCASRNIFDGTTEWGQGTLVTVSS,0.99778795,0.98494554,benchmarking/predicted/7_30_run_2-v1-seed_1-noref/TSLP-501A02_C_final_model_aligned.pdb,4.132786,0.5644503,2.9727933,0.5341779,0.87737083,0.607249,1.1021471,-1,-1,-1,-1,-1,-1,-1
XDBv2_exp-23851-PD1-L25-Q167_C93S-A029400072_C_final_,benchmarking/int_nb_59/XDBv2_exp-23851-PD1-L25-Q167_C93S-A029400072_C.pdb,DVQLVESGGGVVQPGGSLRLSCAASGRMHSINAMAWFRQVPGKEREFVALISWGNGITYYEDSMKGRFTISRDNAKNTMYLQMNSLRPEDTALYFCAAESYGSSWYDSWGQGTLVTVSS,0.63978827,0.6492375,benchmarking/predicted/7_30_run_2-v1-seed_1-noref/XDBv2_exp-23851-PD1-L25-Q167_C93S-A029400072_C_final_model_aligned.pdb,1.218413,0.7377637,1.0683901,0.4404809,0.9018367,0.7028357,0.60479224,-1,-1,-1,-1,-1,-1,-1
her2-nb2_BRUCH_cryoEM_A_final_,benchmarking/int_nb_59/her2-nb2_BRUCH_cryoEM_A.pdb,QLVESGGGVVQPGGSLRLSCVASRIPASIRTMAWYRQTPGNQRDWLATIGSSGTPAYADSVKGRFTVSRDNAKNTVYLQMNSLRPEDTALYYCRDVNGDYWGQGTLVTVS,0.73197925,0.73154944,benchmarking/predicted/7_30_run_2-v1-seed_1-noref/her2-nb2_BRUCH_cryoEM_A_final_model_aligned.pdb,2.4052408,0.46368095,1.4053617,0.7164692,0.40658817,0.63515645,0.93914795,-1,-1,-1,-1,-1,-1,-1
HSA_Nanobody_T023500010_B_final_,benchmarking/int_nb_59/HSA_Nanobody_T023500010_B.pdb,EVQLVESGGGVVQPGGSLRLSCAASGLTFSSYAMGWFRQAPGKERERVVSISRGGGYTYYADSVKGRFTISRDNSENTVYLQMNSLRPEDTALYYCAAARYWATGSEYEFDYWGQGTLVTVSS,0.44609416,0.4424004,benchmarking/predicted/7_30_run_2-v1-seed_1-noref/HSA_Nanobody_T023500010_B_final_model_aligned.pdb,0.5095505,0.9108922,1.5495628,0.2743595,0.56166077,0.38815665,0.3688573,-1,-1,-1,-1,-1,-1,-1
Nb_37D5_22E11_124C4_vs_IL23_J_final_,benchmarking/int_nb_59/Nb_37D5_22E11_124C4_vs_IL23_J.pdb,AVQLVESGGGLVQPGGSLRLSCAASGFTLDYLAIGWFRQAPGKEREGVSCVSSSGQYTYYADSVKGKFTISRDNAESTVYLQMNSLKPEDTAVYYCATDPECYRVRGYYWGQGTQVTVSA,1.3913946,1.2240008,benchmarking/predicted/7_30_run_2-v1-seed_1-noref/Nb_37D5_22E11_124C4_vs_IL23_J_final_model_aligned.pdb,1.7819313,0.57831997,7.9121885,0.7604035,0.8641822,0.5648452,2.2427862,-1,-1,-1,-1,-1,-1,-1
XDBv2_exp-23266-PD1-34-150-C93S-A029400071_H_final_,benchmarking/int_nb_59/XDBv2_exp-23266-PD1-34-150-C93S-A029400071_H.pdb,EVQLVESGGGLVQSGGSLRLSCAATGFTLDYYVIGWFRQAPGKEREGVACLSSNGDRINYADSVKGRFTISRDIAKNTVYLQMNSLKPEDTAVYHCAAGTSTTVRDMCGIMYLYDYWAQGTLVTVSSH,1.6594456,1.6605502,benchmarking/predicted/7_30_run_2-v1-seed_1-noref/XDBv2_exp-23266-PD1-34-150-C93S-A029400071_H_final_model_aligned.pdb,4.8953443,1.4856913,4.918521,1.4415896,1.0736799,0.4589587,0.7031554,-1,-1,-1,-1,-1,-1,-1
1uziy_H_final_,benchmarking/int_nb_59/1uziy_H.pdb,EVQLVESGGGLVQAGDSLRLSCVASGSRFSLNYMGWFRQAPGKEREFVAAIHWTARTTHYGDDVKGRFTISRDNTEIAVYLQMNDLSPDDTAVYYCATTNQFWRGSFDHHDFDAWGQGTLVTVSSHHHHHH,1.2670403,1.2566121,benchmarking/predicted/7_30_run_2-v1-seed_1-noref/1uziy_H_final_model_aligned.pdb,4.8813834,2.0198236,3.1596382,0.7216729,0.91734,0.92543423,0.41774696,-1,-1,-1,-1,-1,-1,-1
XDBv2_exp-23919-OX40-A0292027A03_CL154827_CL150529_H_final_,benchmarking/int_nb_59/XDBv2_exp-23919-OX40-A0292027A03_CL154827_CL150529_H.pdb,EVQLVESGGGLVQPGGSLRLSCAASGFTFSNYWMHWVRQAPGKELEWLSGINEGGRNTYYADSVKGRFTISRDNAKNTLYLQMNSLKPEDTALYYCARDHGDYSGNSAYTVQYDYWGQGTLVTVSS,1.7741995,1.679754,benchmarking/predicted/7_30_run_2-v1-seed_1-noref/XDBv2_exp-23919-OX40-A0292027A03_CL154827_CL150529_H_final_model_aligned.pdb,1.196156,1.4139718,7.897489,0.58765715,0.7377289,0.9586015,0.5887476,-1,-1,-1,-1,-1,-1,-1
1utez_B_final_,benchmarking/int_nb_59/1utez_B.pdb,VQLVESGGGVVQPGGSLRLSCAASGFTFADYDYDIGWFRQAPGKEREGVSCISNRDGSTYYADSVKGRFTISRDNSKNTVYLQMNSLRPEDTALYYCAVEIHCDDYGVENFDFDPWGQGTLVTVSS,2.2925248,2.2493722,benchmarking/predicted/7_30_run_2-v1-seed_1-noref/1utez_B_final_model_aligned.pdb,3.2257485,1.5737551,8.695329,0.48543078,0.66969323,0.64209116,1.7781194,-1,-1,-1,-1,-1,-1,-1
XDBv2_exp-23123-CD28-CL-385910_A_final_,benchmarking/int_nb_59/XDBv2_exp-23123-CD28-CL-385910_A.pdb,EVQLVESGGGVVQPGGSLRLSCAASGFTFSSYYMSWVRQAPGKGLEWVSTINTDGDFTSYVDSVKGRFTISRDNAKNTLYLRMNSLRSEDTALYYCARARGPYSRGSDGHDYRGQGTLVTVSSA,0.68350464,0.6366937,benchmarking/predicted/7_30_run_2-v1-seed_1-noref/XDBv2_exp-23123-CD28-CL-385910_A_final_model_aligned.pdb,0.6065287,0.86909795,2.6098936,0.4575019,0.56864715,0.5037712,0.50432986,-1,-1,-1,-1,-1,-1,-1
XDBv2_exp-23464-OX40-A0292021G08_A0292022A01_H_final_,benchmarking/int_nb_59/XDBv2_exp-23464-OX40-A0292021G08_A0292022A01_H.pdb,EVQLVESGGGLVQLGGSLRLSCAASGRTFSSYAMGWFRQAPGKEREYVTAINYNGGRTYYADSVKGRFTISRDNGKNTGYLQMNSLKPEDTAVYYCAANLRSSRYWSPDEYDYWGQGTLVTVSS,0.6211582,0.6052652,benchmarking/predicted/7_30_run_2-v1-seed_1-noref/XDBv2_exp-23464-OX40-A0292021G08_A0292022A01_H_final_model_aligned.pdb,0.8562977,0.5649529,2.164571,0.4636279,0.7744081,0.4015904,0.66436666,-1,-1,-1,-1,-1,-1,-1
HSA_17D12_B_final_,benchmarking/int_nb_59/HSA_17D12_B.pdb,EVQLVESGGGLVQPGGSLRLSCAASGSISSINAMAWFRQAPGKERELVAAITSGGSTSYAGSVKGRFTISRDNAKNTMYLQMNSLKPEDTAVYYCNAAASYSDYDVFGGGTDFGPWGQGTQVTVSS,2.2546709,2.0638177,benchmarking/predicted/7_30_run_2-v1-seed_1-noref/HSA_17D12_B_final_model_aligned.pdb,2.4940724,0.7351582,9.703342,0.614431,0.31322,0.5433211,1.0134624,-1,-1,-1,-1,-1,-1,-1
TNFtrimer_1C2_kabat_D_final_,benchmarking/int_nb_59/TNFtrimer_1C2_kabat_D.pdb,QVQLVESGGGLVQPGGSLRLSCAASGFTFSNYWMYWVRQAPGKGLEWVSEINTNGLITKYPDSVKGRFTISRDNAKNTLYLQMNSLKPEDTALYYCARSPSGFNRGQGTQVTVSS,0.6689219,0.6436259,benchmarking/predicted/7_30_run_2-v1-seed_1-noref/TNFtrimer_1C2_kabat_D_final_model_aligned.pdb,0.7294775,1.0929304,3.4407957,0.52704746,0.61791646,0.3376533,1.4623019,-1,-1,-1,-1,-1,-1,-1
A1-vWF_R13h5_C_final_,benchmarking/int_nb_59/A1-vWF_R13h5_C.pdb,VQLVESGGGLVQPGGSLRLSCAASGRTFSYNPMGWFRQAPGKGRELVAAISRTGGSTYYPDSVEGRFTISRDNAKRMVYLQMNSLRAEDTAVYYCAAAGVRAEDGRVRTLPSEYTFWGQGTQVTVSS,0.6295267,0.62929624,benchmarking/predicted/7_30_run_2-v1-seed_1-noref/A1-vWF_R13h5_C_final_model_aligned.pdb,2.432157,0.44558534,1.2904714,0.5508544,0.7063576,0.33981514,0.52091384,-1,-1,-1,-1,-1,-1,-1
XDBv2_exp-24116-CD4-T0232_Nb03F11_N_final_,benchmarking/int_nb_59/XDBv2_exp-24116-CD4-T0232_Nb03F11_N.pdb,EVQLVESGGGSVQPGGSLTLSCGTSGRTFNVMGWFRQAPGKEREFVAAVRWSSTGIYYTQYADSVKSRFTISRDNAKNTVYLEMNSLKPEDTAVYYCAADTYNSNPARWDGYDFRGQGTLVTVS,1.1966364,1.1899647,benchmarking/predicted/7_30_run_2-v1-seed_1-noref/XDBv2_exp-24116-CD4-T0232_Nb03F11_N_final_model_aligned.pdb,2.0672784,3.5484018,1.7061092,1.1964223,1.2778966,1.033087,0.86637217,-1,-1,-1,-1,-1,-1,-1
Nb_3C1_119A3_81A12_vs_IL23_G_final_,benchmarking/int_nb_59/Nb_3C1_119A3_81A12_vs_IL23_G.pdb,VQLVESGGGSVQAGGSLRLSCAASGRIFSLPASGNIFNLLTIAWHRQAPGMQRELVATINSGSATNYADSVKGRFTISRDNAQKTVYLQMNNLKPEDTAVYYCQTSGSGSPNFWGQGTPVTVSS,1.5846726,1.590189,benchmarking/predicted/7_30_run_2-v1-seed_1-noref/Nb_3C1_119A3_81A12_vs_IL23_G_final_model_aligned.pdb,5.463632,1.3738697,3.7456257,1.2382156,0.8477859,0.46016276,1.1190234,-1,-1,-1,-1,-1,-1,-1
Nb_3C1_119A3_81A12_vs_IL23_F_final_,benchmarking/int_nb_59/Nb_3C1_119A3_81A12_vs_IL23_F.pdb,EVQLVESGGGLVQAGGSLRLSCAASGGTLSSYAMGWFRQAPGKEREFVARISQGGTAIYYADSVKGRFTISRDNAKNTVYLQMNSLKPEDTAVYYCAKDPSPYYRGSAYLLSGSYDSWGQGTQVTVSA,1.1912097,1.1799779,benchmarking/predicted/7_30_run_2-v1-seed_1-noref/Nb_3C1_119A3_81A12_vs_IL23_F_final_model_aligned.pdb,2.1798763,0.45974356,2.7561297,1.1226997,1.4935868,0.8399057,1.435721,-1,-1,-1,-1,-1,-1,-1
XDBv2_exp-23217-PD1-34-150-C93S-A030500011_H_final_,benchmarking/int_nb_59/XDBv2_exp-23217-PD1-34-150-C93S-A030500011_H.pdb,EVQLVESGGGLVQAGGSLRLSCAASGTRFSLNYMGWFRQAPGKEREFVAAIHWTARTTYYGDFVRGRFTISRDNTEIMVYLQMNSLEPDDTAVYYCATTNQIHSSSFDARNFDAWGQGTLVTVSS,1.1808286,1.170027,benchmarking/predicted/7_30_run_2-v1-seed_1-noref/XDBv2_exp-23217-PD1-34-150-C93S-A030500011_H_final_model_aligned.pdb,4.8832407,1.8970007,2.8593082,0.7797046,0.8100375,1.0029715,0.41584963,-1,-1,-1,-1,-1,-1,-1
XDBv2_exp-23743-PD1-L25-Q167_C93S-A029400073_H_final_,benchmarking/int_nb_59/XDBv2_exp-23743-PD1-L25-Q167_C93S-A029400073_H.pdb,DVQLVESGGGVVQPGGSLRLSCAAPGDTFSENDIGWFRQTPGKEREFVAAIVWPGGETYYRDSVKGRFTLSRDNAKNTVYLQMNSLRPEDTALYYCAVKIFSKTGTYSASWEYDFWGQGTLVTVSS,1.2035773,1.162342,benchmarking/predicted/7_30_run_2-v1-seed_1-noref/XDBv2_exp-23743-PD1-L25-Q167_C93S-A029400073_H_final_model_aligned.pdb,2.8810437,2.0820363,3.6155398,2.1320226,0.66558105,0.46593475,0.7528891,-1,-1,-1,-1,-1,-1,-1
TNF_P3_C2_refine7_kabat_6C11_A_final_,benchmarking/int_nb_59/TNF_P3_C2_refine7_kabat_6C11_A.pdb,EVQLVESGGGLVQPGGSLRLSCTASGFTFSTADMGWFRQAPGKGREFVSRISGIDGTTYYDEPVKGRFTISRDNAKNTLYLQMNSLRPEDTAVYYCRSPRYADQWSAYDYWGQGTLVTV,0.8407746,0.8272994,benchmarking/predicted/7_30_run_2-v1-seed_1-noref/TNF_P3_C2_refine7_kabat_6C11_A_final_model_aligned.pdb,1.025689,1.5698334,3.7541378,0.76880604,0.5534623,0.5833791,0.52061397,-1,-1,-1,-1,-1,-1,-1
XDBv2_exp-23921-B7H4-BFF9_CL-163365_CaptureSelect_Biotin_CH1-XL_Conjugate_C_final_,benchmarking/int_nb_59/XDBv2_exp-23921-B7H4-BFF9_CL-163365_CaptureSelect_Biotin_CH1-XL_Conjugate_C.pdb,QVQLQESGGGLVQAGGSLRLSCAVSGNTLSRYAMGWFRQTPGNEREFVAAIRWGRFTISRDSGKNTVYLQMNNLQPEDTAVYYCAGRFLGYASSNAYHEALYNYDYWGQGTQVTVSS,6.224363,6.2115917,benchmarking/predicted/7_30_run_2-v1-seed_1-noref/XDBv2_exp-23921-B7H4-BFF9_CL-163365_CaptureSelect_Biotin_CH1-XL_Conjugate_C_final_model_aligned.pdb,2.9671068,12.942338,10.4811945,2.4918132,2.551275,10.038156,2.2096689,-1,-1,-1,-1,-1,-1,-1
Nb_37D5_22E11_124C4_vs_IL23_G_final_,benchmarking/int_nb_59/Nb_37D5_22E11_124C4_vs_IL23_G.pdb,AVQLVESGGGLVQPGGSLRLSCAASGFLDDYAIAWFRQAPGKEREGVSGIDSGDGSAYYADSVKGRFTISSDNAKNTVYLQMNSLRPEDTAVYYCARVRTGWGLNAPDYAMDYWGKGTLVTVSA,0.8470685,0.8013801,benchmarking/predicted/7_30_run_2-v1-seed_1-noref/Nb_37D5_22E11_124C4_vs_IL23_G_final_model_aligned.pdb,1.1159345,3.3731856,3.1543646,0.4333993,0.44841546,0.45843118,0.88513,-1,-1,-1,-1,-1,-1,-1
XDBv2_exp-23136-FcRn24-297_N125Q_b2m-21-119-Anti-Fcrn-T0263018b11_Nb_H_final_,benchmarking/int_nb_59/XDBv2_exp-23136-FcRn24-297_N125Q_b2m-21-119-Anti-Fcrn-T0263018b11_Nb_H.pdb,EVQLVESGGGVVQPGGSLRLSCAASGFTFSSYAMYWVRQAPGKGLEWVSAISSGGGSTDYADSVKGRFTISRDNSKNTLYLQMNSLRPEDTALYYCAADTLYTSLTWYSYWGQGTLVTVS,0.5585884,0.50971687,benchmarking/predicted/7_30_run_2-v1-seed_1-noref/XDBv2_exp-23136-FcRn24-297_N125Q_b2m-21-119-Anti-Fcrn-T0263018b11_Nb_H_final_model_aligned.pdb,0.38006085,0.5161417,2.682864,0.45313385,0.46169496,0.25160408,0.5212625,-1,-1,-1,-1,-1,-1,-1
