name,ref pdb,input fasta,RMSD95 CA,RMSD95 CA iter,pred pdb aligned,RSMD_cdr1_heavy,RSMD_cdr2_heavy,RSMD_cdr3_heavy,RSMD_fwr1_heavy,RSMD_fwr2_heavy,RSMD_fwr3_heavy,RSMD_fwr4_heavy,RSMD_cdr1_light,RSMD_cdr2_light,RSMD_cdr3_light,RSMD_fwr1_light,RSMD_fwr2_light,RSMD_fwr3_light,RSMD_fwr4_light
Her2-nb4_BRUCH_cryoEM_B,/cloud-data/snf-mgln-snf-sb-fram-s3/Yu/NanoBodyBuilder2/clean_Nb_59/Her2-nb4_BRUCH_cryoEM_B.pdb,/cloud-data/snf-mgln-snf-sb-fram-s3/Yu/NanoBodyBuilder2/Her2-nb4_BRUCH_cryoEM_B.fasta,0.835165,0.83949536,/cloud-data/snf-mgln-snf-sb-fram-s3/Yu/NanoBodyBuilder2/output_59/Her2-nb4_BRUCH_cryoEM_B_NBB2_aligned.pdb,2.4258306,0.8339853,1.8206555,0.45795628,0.7392317,1.1544242,0.5250073,-1,-1,-1,-1,-1,-1,-1
1ocuj_H,/cloud-data/snf-mgln-snf-sb-fram-s3/Yu/NanoBodyBuilder2/clean_Nb_59/1ocuj_H.pdb,/cloud-data/snf-mgln-snf-sb-fram-s3/Yu/NanoBodyBuilder2/1ocuj_H.fasta,1.1301272,1.0780915,/cloud-data/snf-mgln-snf-sb-fram-s3/Yu/NanoBodyBuilder2/output_59/1ocuj_H_NBB2_aligned.pdb,2.7965631,1.794659,3.3853273,1.5615562,0.7740441,0.512438,0.8751022,-1,-1,-1,-1,-1,-1,-1
XDBv2_exp-23464-OX40-A0292021G08_A0292022A01_M,/cloud-data/snf-mgln-snf-sb-fram-s3/Yu/NanoBodyBuilder2/clean_Nb_59/XDBv2_exp-23464-OX40-A0292021G08_A0292022A01_M.pdb,/cloud-data/snf-mgln-snf-sb-fram-s3/Yu/NanoBodyBuilder2/XDBv2_exp-23464-OX40-A0292021G08_A0292022A01_M.fasta,0.76367784,0.7404931,/cloud-data/snf-mgln-snf-sb-fram-s3/Yu/NanoBodyBuilder2/output_59/XDBv2_exp-23464-OX40-A0292021G08_A0292022A01_M_NBB2_aligned.pdb,1.5105331,0.90812767,2.8646822,0.3939496,0.8718828,0.30025867,0.3934325,-1,-1,-1,-1,-1,-1,-1
1vwsh_B,/cloud-data/snf-mgln-snf-sb-fram-s3/Yu/NanoBodyBuilder2/clean_Nb_59/1vwsh_B.pdb,/cloud-data/snf-mgln-snf-sb-fram-s3/Yu/NanoBodyBuilder2/1vwsh_B.fasta,1.2857407,1.1902772,/cloud-data/snf-mgln-snf-sb-fram-s3/Yu/NanoBodyBuilder2/output_59/1vwsh_B_NBB2_aligned.pdb,1.9867364,0.789769,4.634771,1.08717,0.8549904,0.53068775,0.43039292,-1,-1,-1,-1,-1,-1,-1
XDBv2_exp-23005-IL6-phd-F027200921_A,/cloud-data/snf-mgln-snf-sb-fram-s3/Yu/NanoBodyBuilder2/clean_Nb_59/XDBv2_exp-23005-IL6-phd-F027200921_A.pdb,/cloud-data/snf-mgln-snf-sb-fram-s3/Yu/NanoBodyBuilder2/XDBv2_exp-23005-IL6-phd-F027200921_A.fasta,0.49543005,0.48069403,/cloud-data/snf-mgln-snf-sb-fram-s3/Yu/NanoBodyBuilder2/output_59/XDBv2_exp-23005-IL6-phd-F027200921_A_NBB2_aligned.pdb,1.7146665,2.2769048,1.3204069,0.34694648,0.32751846,0.20964845,0.9294105,-1,-1,-1,-1,-1,-1,-1
trimer_3e_D,/cloud-data/snf-mgln-snf-sb-fram-s3/Yu/NanoBodyBuilder2/clean_Nb_59/trimer_3e_D.pdb,/cloud-data/snf-mgln-snf-sb-fram-s3/Yu/NanoBodyBuilder2/trimer_3e_D.fasta,0.5705697,0.5284238,/cloud-data/snf-mgln-snf-sb-fram-s3/Yu/NanoBodyBuilder2/output_59/trimer_3e_D_NBB2_aligned.pdb,3.5978484,0.6495299,0.5418335,0.64079815,0.4229786,0.39802718,0.41298112,-1,-1,-1,-1,-1,-1,-1
XDBv2_exp-23914-abTCR-TCE01_T0170542C04_T,/cloud-data/snf-mgln-snf-sb-fram-s3/Yu/NanoBodyBuilder2/clean_Nb_59/XDBv2_exp-23914-abTCR-TCE01_T0170542C04_T.pdb,/cloud-data/snf-mgln-snf-sb-fram-s3/Yu/NanoBodyBuilder2/XDBv2_exp-23914-abTCR-TCE01_T0170542C04_T.fasta,0.9193682,0.88777393,/cloud-data/snf-mgln-snf-sb-fram-s3/Yu/NanoBodyBuilder2/output_59/XDBv2_exp-23914-abTCR-TCE01_T0170542C04_T_NBB2_aligned.pdb,1.6672473,1.566393,3.1256545,0.64810985,0.5254553,0.81898266,0.77831614,-1,-1,-1,-1,-1,-1,-1
XDBv2_exp-23144-IL6-F027200921_A,/cloud-data/snf-mgln-snf-sb-fram-s3/Yu/NanoBodyBuilder2/clean_Nb_59/XDBv2_exp-23144-IL6-F027200921_A.pdb,/cloud-data/snf-mgln-snf-sb-fram-s3/Yu/NanoBodyBuilder2/XDBv2_exp-23144-IL6-F027200921_A.fasta,0.7813955,0.7697057,/cloud-data/snf-mgln-snf-sb-fram-s3/Yu/NanoBodyBuilder2/output_59/XDBv2_exp-23144-IL6-F027200921_A_NBB2_aligned.pdb,1.7042229,2.4561777,1.3697158,0.6811409,1.7571446,0.32733157,0.83157706,-1,-1,-1,-1,-1,-1,-1
XDBv2_exp-23919-OX40-A0292027A03_CL154827_CL150529_9,/cloud-data/snf-mgln-snf-sb-fram-s3/Yu/NanoBodyBuilder2/clean_Nb_59/XDBv2_exp-23919-OX40-A0292027A03_CL154827_CL150529_9.pdb,/cloud-data/snf-mgln-snf-sb-fram-s3/Yu/NanoBodyBuilder2/XDBv2_exp-23919-OX40-A0292027A03_CL154827_CL150529_9.fasta,1.7067646,1.5886446,/cloud-data/snf-mgln-snf-sb-fram-s3/Yu/NanoBodyBuilder2/output_59/XDBv2_exp-23919-OX40-A0292027A03_CL154827_CL150529_9_NBB2_aligned.pdb,1.1211765,1.7821125,7.547794,0.6841687,0.77594286,1.0268414,1.1547755,-1,-1,-1,-1,-1,-1,-1
IgE-Fc2-3-4_Nb-IgE045_C,/cloud-data/snf-mgln-snf-sb-fram-s3/Yu/NanoBodyBuilder2/clean_Nb_59/IgE-Fc2-3-4_Nb-IgE045_C.pdb,/cloud-data/snf-mgln-snf-sb-fram-s3/Yu/NanoBodyBuilder2/IgE-Fc2-3-4_Nb-IgE045_C.fasta,0.3692742,0.36846527,/cloud-data/snf-mgln-snf-sb-fram-s3/Yu/NanoBodyBuilder2/output_59/IgE-Fc2-3-4_Nb-IgE045_C_NBB2_aligned.pdb,0.40206265,0.31521735,0.9586563,0.35316777,0.5882753,0.2344072,0.4466265,-1,-1,-1,-1,-1,-1,-1
TSLP-501A02_C,/cloud-data/snf-mgln-snf-sb-fram-s3/Yu/NanoBodyBuilder2/clean_Nb_59/TSLP-501A02_C.pdb,/cloud-data/snf-mgln-snf-sb-fram-s3/Yu/NanoBodyBuilder2/TSLP-501A02_C.fasta,0.6921514,0.6795377,/cloud-data/snf-mgln-snf-sb-fram-s3/Yu/NanoBodyBuilder2/output_59/TSLP-501A02_C_NBB2_aligned.pdb,2.726295,0.36151376,1.8587204,0.47805873,0.58821416,0.54486305,1.3513124,-1,-1,-1,-1,-1,-1,-1
her2-nb2_BRUCH_cryoEM_A,/cloud-data/snf-mgln-snf-sb-fram-s3/Yu/NanoBodyBuilder2/clean_Nb_59/her2-nb2_BRUCH_cryoEM_A.pdb,/cloud-data/snf-mgln-snf-sb-fram-s3/Yu/NanoBodyBuilder2/her2-nb2_BRUCH_cryoEM_A.fasta,0.714323,0.70622665,/cloud-data/snf-mgln-snf-sb-fram-s3/Yu/NanoBodyBuilder2/output_59/her2-nb2_BRUCH_cryoEM_A_NBB2_aligned.pdb,2.3671932,0.45807236,0.65268195,0.75910306,0.457029,0.7276693,0.95449805,-1,-1,-1,-1,-1,-1,-1
XDBv2_exp-23867-Her2-nb3-27A05_nb4-47D05_Fab-37996_A,/cloud-data/snf-mgln-snf-sb-fram-s3/Yu/NanoBodyBuilder2/clean_Nb_59/XDBv2_exp-23867-Her2-nb3-27A05_nb4-47D05_Fab-37996_A.pdb,/cloud-data/snf-mgln-snf-sb-fram-s3/Yu/NanoBodyBuilder2/XDBv2_exp-23867-Her2-nb3-27A05_nb4-47D05_Fab-37996_A.fasta,0.48584485,0.47669473,/cloud-data/snf-mgln-snf-sb-fram-s3/Yu/NanoBodyBuilder2/output_59/XDBv2_exp-23867-Her2-nb3-27A05_nb4-47D05_Fab-37996_A_NBB2_aligned.pdb,0.36794207,1.4980243,1.2620031,0.46171394,0.5217737,0.43866345,0.5823575,-1,-1,-1,-1,-1,-1,-1
1utez_B,/cloud-data/snf-mgln-snf-sb-fram-s3/Yu/NanoBodyBuilder2/clean_Nb_59/1utez_B.pdb,/cloud-data/snf-mgln-snf-sb-fram-s3/Yu/NanoBodyBuilder2/1utez_B.fasta,1.5971265,1.5584239,/cloud-data/snf-mgln-snf-sb-fram-s3/Yu/NanoBodyBuilder2/output_59/1utez_B_NBB2_aligned.pdb,3.00584,1.6716096,5.1255665,0.56872654,0.544752,0.83700943,1.8548371,-1,-1,-1,-1,-1,-1,-1
XDBv2_exp-23123-CD28-CL-385910_A,/cloud-data/snf-mgln-snf-sb-fram-s3/Yu/NanoBodyBuilder2/clean_Nb_59/XDBv2_exp-23123-CD28-CL-385910_A.pdb,/cloud-data/snf-mgln-snf-sb-fram-s3/Yu/NanoBodyBuilder2/XDBv2_exp-23123-CD28-CL-385910_A.fasta,0.5237929,0.5243307,/cloud-data/snf-mgln-snf-sb-fram-s3/Yu/NanoBodyBuilder2/output_59/XDBv2_exp-23123-CD28-CL-385910_A_NBB2_aligned.pdb,0.7468591,0.6584702,1.4159125,0.5171871,0.51159567,0.3604478,0.5926299,-1,-1,-1,-1,-1,-1,-1
XDBv2_exp-24116-CD4-T0232_Nb03F11_N,/cloud-data/snf-mgln-snf-sb-fram-s3/Yu/NanoBodyBuilder2/clean_Nb_59/XDBv2_exp-24116-CD4-T0232_Nb03F11_N.pdb,/cloud-data/snf-mgln-snf-sb-fram-s3/Yu/NanoBodyBuilder2/XDBv2_exp-24116-CD4-T0232_Nb03F11_N.fasta,1.6298047,1.6146578,/cloud-data/snf-mgln-snf-sb-fram-s3/Yu/NanoBodyBuilder2/output_59/XDBv2_exp-24116-CD4-T0232_Nb03F11_N_NBB2_aligned.pdb,2.7858458,3.0716772,4.3315315,1.9971887,0.96646535,1.0649589,0.782663,-1,-1,-1,-1,-1,-1,-1
XDBv2_exp-23265-PD1-34-150-C93S-A030500012_H,/cloud-data/snf-mgln-snf-sb-fram-s3/Yu/NanoBodyBuilder2/clean_Nb_59/XDBv2_exp-23265-PD1-34-150-C93S-A030500012_H.pdb,/cloud-data/snf-mgln-snf-sb-fram-s3/Yu/NanoBodyBuilder2/XDBv2_exp-23265-PD1-34-150-C93S-A030500012_H.fasta,1.0967376,1.1092649,/cloud-data/snf-mgln-snf-sb-fram-s3/Yu/NanoBodyBuilder2/output_59/XDBv2_exp-23265-PD1-34-150-C93S-A030500012_H_NBB2_aligned.pdb,2.8802814,1.0879306,3.5083444,0.42912492,0.4135668,0.9349967,0.3553105,-1,-1,-1,-1,-1,-1,-1
XDBv2_exp-23867-Her2-nb3-27A05_nb4-47D05_Fab-37996_B,/cloud-data/snf-mgln-snf-sb-fram-s3/Yu/NanoBodyBuilder2/clean_Nb_59/XDBv2_exp-23867-Her2-nb3-27A05_nb4-47D05_Fab-37996_B.pdb,/cloud-data/snf-mgln-snf-sb-fram-s3/Yu/NanoBodyBuilder2/XDBv2_exp-23867-Her2-nb3-27A05_nb4-47D05_Fab-37996_B.fasta,0.80857486,0.8248018,/cloud-data/snf-mgln-snf-sb-fram-s3/Yu/NanoBodyBuilder2/output_59/XDBv2_exp-23867-Her2-nb3-27A05_nb4-47D05_Fab-37996_B_NBB2_aligned.pdb,2.6371837,0.720411,1.9338324,0.5830814,0.9371441,0.6259656,0.41949457,-1,-1,-1,-1,-1,-1,-1
XDBv2_exp-23743-PD1-L25-Q167_C93S-A029400073_H,/cloud-data/snf-mgln-snf-sb-fram-s3/Yu/NanoBodyBuilder2/clean_Nb_59/XDBv2_exp-23743-PD1-L25-Q167_C93S-A029400073_H.pdb,/cloud-data/snf-mgln-snf-sb-fram-s3/Yu/NanoBodyBuilder2/XDBv2_exp-23743-PD1-L25-Q167_C93S-A029400073_H.fasta,1.1013247,1.0927442,/cloud-data/snf-mgln-snf-sb-fram-s3/Yu/NanoBodyBuilder2/output_59/XDBv2_exp-23743-PD1-L25-Q167_C93S-A029400073_H_NBB2_aligned.pdb,3.0172975,1.5673199,3.0921946,1.9902769,0.80812925,0.506653,0.6946497,-1,-1,-1,-1,-1,-1,-1
XDBv2_exp-23219-IL13_hs-4b02_4b06_B,/cloud-data/snf-mgln-snf-sb-fram-s3/Yu/NanoBodyBuilder2/clean_Nb_59/XDBv2_exp-23219-IL13_hs-4b02_4b06_B.pdb,/cloud-data/snf-mgln-snf-sb-fram-s3/Yu/NanoBodyBuilder2/XDBv2_exp-23219-IL13_hs-4b02_4b06_B.fasta,0.89914465,0.89681333,/cloud-data/snf-mgln-snf-sb-fram-s3/Yu/NanoBodyBuilder2/output_59/XDBv2_exp-23219-IL13_hs-4b02_4b06_B_NBB2_aligned.pdb,0.6786835,0.5667051,3.32827,0.5996046,1.7040011,0.4736143,0.8866555,-1,-1,-1,-1,-1,-1,-1
tnf_F10_refmac5_H,/cloud-data/snf-mgln-snf-sb-fram-s3/Yu/NanoBodyBuilder2/clean_Nb_59/tnf_F10_refmac5_H.pdb,/cloud-data/snf-mgln-snf-sb-fram-s3/Yu/NanoBodyBuilder2/tnf_F10_refmac5_H.fasta,0.2825676,0.28132972,/cloud-data/snf-mgln-snf-sb-fram-s3/Yu/NanoBodyBuilder2/output_59/tnf_F10_refmac5_H_NBB2_aligned.pdb,0.14119491,0.34615478,0.28498247,0.39162037,0.4304849,0.30247027,0.37184754,-1,-1,-1,-1,-1,-1,-1
XDBv2_exp-23921-B7H4-BFF9_CL-163365_CaptureSelect_Biotin_CH1-XL_Conjugate_C,/cloud-data/snf-mgln-snf-sb-fram-s3/Yu/NanoBodyBuilder2/clean_Nb_59/XDBv2_exp-23921-B7H4-BFF9_CL-163365_CaptureSelect_Biotin_CH1-XL_Conjugate_C.pdb,/cloud-data/snf-mgln-snf-sb-fram-s3/Yu/NanoBodyBuilder2/XDBv2_exp-23921-B7H4-BFF9_CL-163365_CaptureSelect_Biotin_CH1-XL_Conjugate_C.fasta,4.220028,4.0487123,/cloud-data/snf-mgln-snf-sb-fram-s3/Yu/NanoBodyBuilder2/output_59/XDBv2_exp-23921-B7H4-BFF9_CL-163365_CaptureSelect_Biotin_CH1-XL_Conjugate_C_NBB2_aligned.pdb,2.7912812,4.509166,14.26187,1.1085358,2.7496896,1.8893589,1.084637,-1,-1,-1,-1,-1,-1,-1
HSA_EXP435_B,/cloud-data/snf-mgln-snf-sb-fram-s3/Yu/NanoBodyBuilder2/clean_Nb_59/HSA_EXP435_B.pdb,/cloud-data/snf-mgln-snf-sb-fram-s3/Yu/NanoBodyBuilder2/HSA_EXP435_B.fasta,1.0428374,1.052587,/cloud-data/snf-mgln-snf-sb-fram-s3/Yu/NanoBodyBuilder2/output_59/HSA_EXP435_B_NBB2_aligned.pdb,3.50214,0.6629719,1.3815564,1.3079771,1.2078602,1.424902,0.68565273,-1,-1,-1,-1,-1,-1,-1
ox40l-15b07_x1_apo_kabat_A,/cloud-data/snf-mgln-snf-sb-fram-s3/Yu/NanoBodyBuilder2/clean_Nb_59/ox40l-15b07_x1_apo_kabat_A.pdb,/cloud-data/snf-mgln-snf-sb-fram-s3/Yu/NanoBodyBuilder2/ox40l-15b07_x1_apo_kabat_A.fasta,1.1189108,1.1068349,/cloud-data/snf-mgln-snf-sb-fram-s3/Yu/NanoBodyBuilder2/output_59/ox40l-15b07_x1_apo_kabat_A_NBB2_aligned.pdb,4.3999605,1.2550592,2.1890213,0.8226471,0.9109412,1.1351675,0.59646887,-1,-1,-1,-1,-1,-1,-1
XDBv2_exp-23851-PD1-L25-Q167_C93S-A029400072_C,/cloud-data/snf-mgln-snf-sb-fram-s3/Yu/NanoBodyBuilder2/clean_Nb_59/XDBv2_exp-23851-PD1-L25-Q167_C93S-A029400072_C.pdb,/cloud-data/snf-mgln-snf-sb-fram-s3/Yu/NanoBodyBuilder2/XDBv2_exp-23851-PD1-L25-Q167_C93S-A029400072_C.fasta,1.0268563,1.029051,/cloud-data/snf-mgln-snf-sb-fram-s3/Yu/NanoBodyBuilder2/output_59/XDBv2_exp-23851-PD1-L25-Q167_C93S-A029400072_C_NBB2_aligned.pdb,1.7182125,1.1155282,2.1791615,0.72517043,1.3605677,1.0729363,0.69032747,-1,-1,-1,-1,-1,-1,-1
HSA_Nanobody_T023500010_B,/cloud-data/snf-mgln-snf-sb-fram-s3/Yu/NanoBodyBuilder2/clean_Nb_59/HSA_Nanobody_T023500010_B.pdb,/cloud-data/snf-mgln-snf-sb-fram-s3/Yu/NanoBodyBuilder2/HSA_Nanobody_T023500010_B.fasta,0.60312665,0.5940574,/cloud-data/snf-mgln-snf-sb-fram-s3/Yu/NanoBodyBuilder2/output_59/HSA_Nanobody_T023500010_B_NBB2_aligned.pdb,0.7400083,1.4927081,2.0525124,0.43764254,0.53012836,0.42338374,0.31442058,-1,-1,-1,-1,-1,-1,-1
Nb_37D5_22E11_124C4_vs_IL23_J,/cloud-data/snf-mgln-snf-sb-fram-s3/Yu/NanoBodyBuilder2/clean_Nb_59/Nb_37D5_22E11_124C4_vs_IL23_J.pdb,/cloud-data/snf-mgln-snf-sb-fram-s3/Yu/NanoBodyBuilder2/Nb_37D5_22E11_124C4_vs_IL23_J.fasta,1.1858987,1.0148115,/cloud-data/snf-mgln-snf-sb-fram-s3/Yu/NanoBodyBuilder2/output_59/Nb_37D5_22E11_124C4_vs_IL23_J_NBB2_aligned.pdb,1.6951839,1.0441239,7.0235624,0.69788265,0.7303181,0.5103531,2.149957,-1,-1,-1,-1,-1,-1,-1
1uziy_H,/cloud-data/snf-mgln-snf-sb-fram-s3/Yu/NanoBodyBuilder2/clean_Nb_59/1uziy_H.pdb,/cloud-data/snf-mgln-snf-sb-fram-s3/Yu/NanoBodyBuilder2/1uziy_H.fasta,1.0681839,1.0856011,/cloud-data/snf-mgln-snf-sb-fram-s3/Yu/NanoBodyBuilder2/output_59/1uziy_H_NBB2_aligned.pdb,3.5118644,1.928962,2.7499876,0.5120106,0.61341023,0.661245,0.44493386,-1,-1,-1,-1,-1,-1,-1
HSA_17D12_B,/cloud-data/snf-mgln-snf-sb-fram-s3/Yu/NanoBodyBuilder2/clean_Nb_59/HSA_17D12_B.pdb,/cloud-data/snf-mgln-snf-sb-fram-s3/Yu/NanoBodyBuilder2/HSA_17D12_B.fasta,2.3118954,2.2125592,/cloud-data/snf-mgln-snf-sb-fram-s3/Yu/NanoBodyBuilder2/output_59/HSA_17D12_B_NBB2_aligned.pdb,2.856885,0.57603115,8.966423,0.7097918,0.4810852,0.52598494,1.4241902,-1,-1,-1,-1,-1,-1,-1
TNF_P3_C2_refine7_kabat_6C11_A,/cloud-data/snf-mgln-snf-sb-fram-s3/Yu/NanoBodyBuilder2/clean_Nb_59/TNF_P3_C2_refine7_kabat_6C11_A.pdb,/cloud-data/snf-mgln-snf-sb-fram-s3/Yu/NanoBodyBuilder2/TNF_P3_C2_refine7_kabat_6C11_A.fasta,0.8170405,0.83263195,/cloud-data/snf-mgln-snf-sb-fram-s3/Yu/NanoBodyBuilder2/output_59/TNF_P3_C2_refine7_kabat_6C11_A_NBB2_aligned.pdb,0.74663335,1.153088,3.149791,0.7775973,1.08733,0.47660157,0.5453203,-1,-1,-1,-1,-1,-1,-1
Nb_37D5_22E11_124C4_vs_IL23_G,/cloud-data/snf-mgln-snf-sb-fram-s3/Yu/NanoBodyBuilder2/clean_Nb_59/Nb_37D5_22E11_124C4_vs_IL23_G.pdb,/cloud-data/snf-mgln-snf-sb-fram-s3/Yu/NanoBodyBuilder2/Nb_37D5_22E11_124C4_vs_IL23_G.fasta,0.5249753,0.50488937,/cloud-data/snf-mgln-snf-sb-fram-s3/Yu/NanoBodyBuilder2/output_59/Nb_37D5_22E11_124C4_vs_IL23_G_NBB2_aligned.pdb,1.466471,2.9771583,0.9271298,0.9273475,0.52194947,0.35149315,0.48657426,-1,-1,-1,-1,-1,-1,-1
XDBv2_exp-24200-40C01-Nb40C01_N,/cloud-data/snf-mgln-snf-sb-fram-s3/Yu/NanoBodyBuilder2/clean_Nb_59/XDBv2_exp-24200-40C01-Nb40C01_N.pdb,/cloud-data/snf-mgln-snf-sb-fram-s3/Yu/NanoBodyBuilder2/XDBv2_exp-24200-40C01-Nb40C01_N.fasta,1.326125,1.2666434,/cloud-data/snf-mgln-snf-sb-fram-s3/Yu/NanoBodyBuilder2/output_59/XDBv2_exp-24200-40C01-Nb40C01_N_NBB2_aligned.pdb,2.9901702,2.1031387,3.8379807,0.84411883,0.6458983,1.0723674,0.63996583,-1,-1,-1,-1,-1,-1,-1
XDBv2_exp-24201-46C04-Nb46C04_N,/cloud-data/snf-mgln-snf-sb-fram-s3/Yu/NanoBodyBuilder2/clean_Nb_59/XDBv2_exp-24201-46C04-Nb46C04_N.pdb,/cloud-data/snf-mgln-snf-sb-fram-s3/Yu/NanoBodyBuilder2/XDBv2_exp-24201-46C04-Nb46C04_N.fasta,0.96549726,0.9463961,/cloud-data/snf-mgln-snf-sb-fram-s3/Yu/NanoBodyBuilder2/output_59/XDBv2_exp-24201-46C04-Nb46C04_N_NBB2_aligned.pdb,2.079459,0.9856246,1.743718,0.6443537,2.0492656,0.6924121,0.90076005,-1,-1,-1,-1,-1,-1,-1
Nb_37D5_22E11_124C4_vs_IL23_H,/cloud-data/snf-mgln-snf-sb-fram-s3/Yu/NanoBodyBuilder2/clean_Nb_59/Nb_37D5_22E11_124C4_vs_IL23_H.pdb,/cloud-data/snf-mgln-snf-sb-fram-s3/Yu/NanoBodyBuilder2/Nb_37D5_22E11_124C4_vs_IL23_H.fasta,0.6843813,0.6865375,/cloud-data/snf-mgln-snf-sb-fram-s3/Yu/NanoBodyBuilder2/output_59/Nb_37D5_22E11_124C4_vs_IL23_H_NBB2_aligned.pdb,2.2671218,1.9590907,0.46291405,0.63938224,0.7813116,0.77128905,0.44685584,-1,-1,-1,-1,-1,-1,-1
XDBv2_exp-23101-OX40L-Nb1E07_A,/cloud-data/snf-mgln-snf-sb-fram-s3/Yu/NanoBodyBuilder2/clean_Nb_59/XDBv2_exp-23101-OX40L-Nb1E07_A.pdb,/cloud-data/snf-mgln-snf-sb-fram-s3/Yu/NanoBodyBuilder2/XDBv2_exp-23101-OX40L-Nb1E07_A.fasta,0.71158206,0.68450004,/cloud-data/snf-mgln-snf-sb-fram-s3/Yu/NanoBodyBuilder2/output_59/XDBv2_exp-23101-OX40L-Nb1E07_A_NBB2_aligned.pdb,3.76226,0.4627074,2.1171715,0.4300045,0.49067584,0.3520446,0.36019856,-1,-1,-1,-1,-1,-1,-1
XDBv2_exp-23217-PD1-34-150-C93S-A030500011_H,/cloud-data/snf-mgln-snf-sb-fram-s3/Yu/NanoBodyBuilder2/clean_Nb_59/XDBv2_exp-23217-PD1-34-150-C93S-A030500011_H.pdb,/cloud-data/snf-mgln-snf-sb-fram-s3/Yu/NanoBodyBuilder2/XDBv2_exp-23217-PD1-34-150-C93S-A030500011_H.fasta,0.9449633,0.9829024,/cloud-data/snf-mgln-snf-sb-fram-s3/Yu/NanoBodyBuilder2/output_59/XDBv2_exp-23217-PD1-34-150-C93S-A030500011_H_NBB2_aligned.pdb,2.8689508,1.9044087,2.4265192,0.7021079,0.61152095,0.9048051,0.45449686,-1,-1,-1,-1,-1,-1,-1
1jcwe_B,/cloud-data/snf-mgln-snf-sb-fram-s3/Yu/NanoBodyBuilder2/clean_Nb_59/1jcwe_B.pdb,/cloud-data/snf-mgln-snf-sb-fram-s3/Yu/NanoBodyBuilder2/1jcwe_B.fasta,0.81755817,0.7965994,/cloud-data/snf-mgln-snf-sb-fram-s3/Yu/NanoBodyBuilder2/output_59/1jcwe_B_NBB2_aligned.pdb,0.77473825,0.66085875,3.520018,0.48671743,1.4803259,0.46557128,0.5622626,-1,-1,-1,-1,-1,-1,-1
XDBv2_exp-23124-CD28-CL-385486_A,/cloud-data/snf-mgln-snf-sb-fram-s3/Yu/NanoBodyBuilder2/clean_Nb_59/XDBv2_exp-23124-CD28-CL-385486_A.pdb,/cloud-data/snf-mgln-snf-sb-fram-s3/Yu/NanoBodyBuilder2/XDBv2_exp-23124-CD28-CL-385486_A.fasta,1.4902307,1.2865164,/cloud-data/snf-mgln-snf-sb-fram-s3/Yu/NanoBodyBuilder2/output_59/XDBv2_exp-23124-CD28-CL-385486_A_NBB2_aligned.pdb,1.9314862,0.38959643,6.951528,1.1824523,0.507869,0.7200091,1.1052697,-1,-1,-1,-1,-1,-1,-1
1nuqn_A,/cloud-data/snf-mgln-snf-sb-fram-s3/Yu/NanoBodyBuilder2/clean_Nb_59/1nuqn_A.pdb,/cloud-data/snf-mgln-snf-sb-fram-s3/Yu/NanoBodyBuilder2/1nuqn_A.fasta,0.82853794,0.6935763,/cloud-data/snf-mgln-snf-sb-fram-s3/Yu/NanoBodyBuilder2/output_59/1nuqn_A_NBB2_aligned.pdb,1.4771224,0.9454224,4.2313004,0.41148096,0.73805636,0.3714044,0.4839268,-1,-1,-1,-1,-1,-1,-1
Nb_3C1_119A3_81A12_vs_IL23_G,/cloud-data/snf-mgln-snf-sb-fram-s3/Yu/NanoBodyBuilder2/clean_Nb_59/Nb_3C1_119A3_81A12_vs_IL23_G.pdb,/cloud-data/snf-mgln-snf-sb-fram-s3/Yu/NanoBodyBuilder2/Nb_3C1_119A3_81A12_vs_IL23_G.fasta,1.7784643,1.7606809,/cloud-data/snf-mgln-snf-sb-fram-s3/Yu/NanoBodyBuilder2/output_59/Nb_3C1_119A3_81A12_vs_IL23_G_NBB2_aligned.pdb,5.7090383,1.404007,3.5403798,1.1932255,0.7468859,0.43362767,1.0162132,-1,-1,-1,-1,-1,-1,-1
XDBv2_exp-23136-FcRn24-297_N125Q_b2m-21-119-Anti-Fcrn-T0263018b11_Nb_H,/cloud-data/snf-mgln-snf-sb-fram-s3/Yu/NanoBodyBuilder2/clean_Nb_59/XDBv2_exp-23136-FcRn24-297_N125Q_b2m-21-119-Anti-Fcrn-T0263018b11_Nb_H.pdb,/cloud-data/snf-mgln-snf-sb-fram-s3/Yu/NanoBodyBuilder2/XDBv2_exp-23136-FcRn24-297_N125Q_b2m-21-119-Anti-Fcrn-T0263018b11_Nb_H.fasta,0.5986625,0.5249919,/cloud-data/snf-mgln-snf-sb-fram-s3/Yu/NanoBodyBuilder2/output_59/XDBv2_exp-23136-FcRn24-297_N125Q_b2m-21-119-Anti-Fcrn-T0263018b11_Nb_H_NBB2_aligned.pdb,0.28090486,0.92206335,3.058777,0.5594981,0.3470001,0.22331037,0.48976204,-1,-1,-1,-1,-1,-1,-1
RANKL-R13h5_A,/cloud-data/snf-mgln-snf-sb-fram-s3/Yu/NanoBodyBuilder2/clean_Nb_59/RANKL-R13h5_A.pdb,/cloud-data/snf-mgln-snf-sb-fram-s3/Yu/NanoBodyBuilder2/RANKL-R13h5_A.fasta,0.54197365,0.54523134,/cloud-data/snf-mgln-snf-sb-fram-s3/Yu/NanoBodyBuilder2/output_59/RANKL-R13h5_A_NBB2_aligned.pdb,0.398337,0.59831655,1.3116604,0.56960547,0.5466735,0.3159602,1.0909737,-1,-1,-1,-1,-1,-1,-1
XDBv2_exp-23219-IL13_hs-4b02_4b06_K,/cloud-data/snf-mgln-snf-sb-fram-s3/Yu/NanoBodyBuilder2/clean_Nb_59/XDBv2_exp-23219-IL13_hs-4b02_4b06_K.pdb,/cloud-data/snf-mgln-snf-sb-fram-s3/Yu/NanoBodyBuilder2/XDBv2_exp-23219-IL13_hs-4b02_4b06_K.fasta,0.7964173,0.79235864,/cloud-data/snf-mgln-snf-sb-fram-s3/Yu/NanoBodyBuilder2/output_59/XDBv2_exp-23219-IL13_hs-4b02_4b06_K_NBB2_aligned.pdb,0.56577504,0.64615834,4.111406,0.6675157,0.65873533,0.2959182,0.42119178,-1,-1,-1,-1,-1,-1,-1
XDBv2_exp-22647-Human4-1BB24-160_C121SN138DN149Q-VHH1_41BB_A,/cloud-data/snf-mgln-snf-sb-fram-s3/Yu/NanoBodyBuilder2/clean_Nb_59/XDBv2_exp-22647-Human4-1BB24-160_C121SN138DN149Q-VHH1_41BB_A.pdb,/cloud-data/snf-mgln-snf-sb-fram-s3/Yu/NanoBodyBuilder2/XDBv2_exp-22647-Human4-1BB24-160_C121SN138DN149Q-VHH1_41BB_A.fasta,1.1062751,1.0326306,/cloud-data/snf-mgln-snf-sb-fram-s3/Yu/NanoBodyBuilder2/output_59/XDBv2_exp-22647-Human4-1BB24-160_C121SN138DN149Q-VHH1_41BB_A_NBB2_aligned.pdb,3.7241645,1.4390011,5.7378364,0.60592884,0.8045499,0.4909262,1.0676415,-1,-1,-1,-1,-1,-1,-1
XDBv2_exp-23914-abTCR-TCE01_T0170542C04_C,/cloud-data/snf-mgln-snf-sb-fram-s3/Yu/NanoBodyBuilder2/clean_Nb_59/XDBv2_exp-23914-abTCR-TCE01_T0170542C04_C.pdb,/cloud-data/snf-mgln-snf-sb-fram-s3/Yu/NanoBodyBuilder2/XDBv2_exp-23914-abTCR-TCE01_T0170542C04_C.fasta,1.1240942,1.1192333,/cloud-data/snf-mgln-snf-sb-fram-s3/Yu/NanoBodyBuilder2/output_59/XDBv2_exp-23914-abTCR-TCE01_T0170542C04_C_NBB2_aligned.pdb,4.1373615,2.6924572,1.1381314,0.76190984,0.6531621,1.5162898,0.5099894,-1,-1,-1,-1,-1,-1,-1
XDBv2_exp-23179-IL6-F027201068_H,/cloud-data/snf-mgln-snf-sb-fram-s3/Yu/NanoBodyBuilder2/clean_Nb_59/XDBv2_exp-23179-IL6-F027201068_H.pdb,/cloud-data/snf-mgln-snf-sb-fram-s3/Yu/NanoBodyBuilder2/XDBv2_exp-23179-IL6-F027201068_H.fasta,1.4977212,1.5065744,/cloud-data/snf-mgln-snf-sb-fram-s3/Yu/NanoBodyBuilder2/output_59/XDBv2_exp-23179-IL6-F027201068_H_NBB2_aligned.pdb,0.84171915,1.682979,5.6046615,0.47124353,0.94272065,0.39993662,0.502318,-1,-1,-1,-1,-1,-1,-1
XDBv2_exp-22646-Human4-1BB24-160_C121SN138DN149Q-VHH3_41BB_D,/cloud-data/snf-mgln-snf-sb-fram-s3/Yu/NanoBodyBuilder2/clean_Nb_59/XDBv2_exp-22646-Human4-1BB24-160_C121SN138DN149Q-VHH3_41BB_D.pdb,/cloud-data/snf-mgln-snf-sb-fram-s3/Yu/NanoBodyBuilder2/XDBv2_exp-22646-Human4-1BB24-160_C121SN138DN149Q-VHH3_41BB_D.fasta,0.5272033,0.5150629,/cloud-data/snf-mgln-snf-sb-fram-s3/Yu/NanoBodyBuilder2/output_59/XDBv2_exp-22646-Human4-1BB24-160_C121SN138DN149Q-VHH3_41BB_D_NBB2_aligned.pdb,0.38663915,0.5438366,2.929465,0.29644203,0.64492023,0.29298243,1.4118226,-1,-1,-1,-1,-1,-1,-1
modc2-ref5_refmac1_B,/cloud-data/snf-mgln-snf-sb-fram-s3/Yu/NanoBodyBuilder2/clean_Nb_59/modc2-ref5_refmac1_B.pdb,/cloud-data/snf-mgln-snf-sb-fram-s3/Yu/NanoBodyBuilder2/modc2-ref5_refmac1_B.fasta,0.8228833,0.7767848,/cloud-data/snf-mgln-snf-sb-fram-s3/Yu/NanoBodyBuilder2/output_59/modc2-ref5_refmac1_B_NBB2_aligned.pdb,0.71611464,0.7351373,4.91463,0.48061183,0.77905715,0.37276658,2.256309,-1,-1,-1,-1,-1,-1,-1
1diax_H,/cloud-data/snf-mgln-snf-sb-fram-s3/Yu/NanoBodyBuilder2/clean_Nb_59/1diax_H.pdb,/cloud-data/snf-mgln-snf-sb-fram-s3/Yu/NanoBodyBuilder2/1diax_H.fasta,1.0967382,1.1015753,/cloud-data/snf-mgln-snf-sb-fram-s3/Yu/NanoBodyBuilder2/output_59/1diax_H_NBB2_aligned.pdb,3.4264405,1.3215886,2.659249,0.503195,0.92245305,0.9993008,0.36347324,-1,-1,-1,-1,-1,-1,-1
XDBv2_exp-23927-CD4-T0232_N,/cloud-data/snf-mgln-snf-sb-fram-s3/Yu/NanoBodyBuilder2/clean_Nb_59/XDBv2_exp-23927-CD4-T0232_N.pdb,/cloud-data/snf-mgln-snf-sb-fram-s3/Yu/NanoBodyBuilder2/XDBv2_exp-23927-CD4-T0232_N.fasta,1.5626855,1.5508544,/cloud-data/snf-mgln-snf-sb-fram-s3/Yu/NanoBodyBuilder2/output_59/XDBv2_exp-23927-CD4-T0232_N_NBB2_aligned.pdb,2.5541341,3.4378793,3.9442437,1.8755475,1.1687245,0.9798213,0.8559807,-1,-1,-1,-1,-1,-1,-1
Nb_3C1_119A3_81A12_vs_IL23_J,/cloud-data/snf-mgln-snf-sb-fram-s3/Yu/NanoBodyBuilder2/clean_Nb_59/Nb_3C1_119A3_81A12_vs_IL23_J.pdb,/cloud-data/snf-mgln-snf-sb-fram-s3/Yu/NanoBodyBuilder2/Nb_3C1_119A3_81A12_vs_IL23_J.fasta,1.2751352,1.2836685,/cloud-data/snf-mgln-snf-sb-fram-s3/Yu/NanoBodyBuilder2/output_59/Nb_3C1_119A3_81A12_vs_IL23_J_NBB2_aligned.pdb,1.2726436,1.9902207,2.7690935,1.2869321,0.8792599,1.1976671,1.4832112,-1,-1,-1,-1,-1,-1,-1
XDBv2_exp-24089-38C12-Nb38C12_B,/cloud-data/snf-mgln-snf-sb-fram-s3/Yu/NanoBodyBuilder2/clean_Nb_59/XDBv2_exp-24089-38C12-Nb38C12_B.pdb,/cloud-data/snf-mgln-snf-sb-fram-s3/Yu/NanoBodyBuilder2/XDBv2_exp-24089-38C12-Nb38C12_B.fasta,0.665142,0.67297214,/cloud-data/snf-mgln-snf-sb-fram-s3/Yu/NanoBodyBuilder2/output_59/XDBv2_exp-24089-38C12-Nb38C12_B_NBB2_aligned.pdb,1.2129182,1.1886162,2.1978722,0.79800457,0.7549022,0.42729795,0.4379296,-1,-1,-1,-1,-1,-1,-1
XDBv2_exp-23046-PDL1-CD274-A005500942nb_N,/cloud-data/snf-mgln-snf-sb-fram-s3/Yu/NanoBodyBuilder2/clean_Nb_59/XDBv2_exp-23046-PDL1-CD274-A005500942nb_N.pdb,/cloud-data/snf-mgln-snf-sb-fram-s3/Yu/NanoBodyBuilder2/XDBv2_exp-23046-PDL1-CD274-A005500942nb_N.fasta,0.5954404,0.59842277,/cloud-data/snf-mgln-snf-sb-fram-s3/Yu/NanoBodyBuilder2/output_59/XDBv2_exp-23046-PDL1-CD274-A005500942nb_N_NBB2_aligned.pdb,2.2256496,0.5231711,1.6794742,0.50377876,0.7713279,0.32474172,1.209846,-1,-1,-1,-1,-1,-1,-1
XDBv2_exp-23266-PD1-34-150-C93S-A029400071_H,/cloud-data/snf-mgln-snf-sb-fram-s3/Yu/NanoBodyBuilder2/clean_Nb_59/XDBv2_exp-23266-PD1-34-150-C93S-A029400071_H.pdb,/cloud-data/snf-mgln-snf-sb-fram-s3/Yu/NanoBodyBuilder2/XDBv2_exp-23266-PD1-34-150-C93S-A029400071_H.fasta,2.063543,2.0426764,/cloud-data/snf-mgln-snf-sb-fram-s3/Yu/NanoBodyBuilder2/output_59/XDBv2_exp-23266-PD1-34-150-C93S-A029400071_H_NBB2_aligned.pdb,5.9382043,1.666517,5.1975307,1.6268164,0.9426235,0.58424324,0.8568948,-1,-1,-1,-1,-1,-1,-1
XDBv2_exp-23464-OX40-A0292021G08_A0292022A01_H,/cloud-data/snf-mgln-snf-sb-fram-s3/Yu/NanoBodyBuilder2/clean_Nb_59/XDBv2_exp-23464-OX40-A0292021G08_A0292022A01_H.pdb,/cloud-data/snf-mgln-snf-sb-fram-s3/Yu/NanoBodyBuilder2/XDBv2_exp-23464-OX40-A0292021G08_A0292022A01_H.fasta,0.79816425,0.79478246,/cloud-data/snf-mgln-snf-sb-fram-s3/Yu/NanoBodyBuilder2/output_59/XDBv2_exp-23464-OX40-A0292021G08_A0292022A01_H_NBB2_aligned.pdb,1.3467423,2.0435221,2.3808305,0.5138418,0.8763804,0.69030046,0.85112053,-1,-1,-1,-1,-1,-1,-1
TNFtrimer_1C2_kabat_D,/cloud-data/snf-mgln-snf-sb-fram-s3/Yu/NanoBodyBuilder2/clean_Nb_59/TNFtrimer_1C2_kabat_D.pdb,/cloud-data/snf-mgln-snf-sb-fram-s3/Yu/NanoBodyBuilder2/TNFtrimer_1C2_kabat_D.fasta,0.45148173,0.4292665,/cloud-data/snf-mgln-snf-sb-fram-s3/Yu/NanoBodyBuilder2/output_59/TNFtrimer_1C2_kabat_D_NBB2_aligned.pdb,0.4070328,0.3910767,1.3577001,0.5177344,0.5606682,0.281654,1.5336686,-1,-1,-1,-1,-1,-1,-1
A1-vWF_R13h5_C,/cloud-data/snf-mgln-snf-sb-fram-s3/Yu/NanoBodyBuilder2/clean_Nb_59/A1-vWF_R13h5_C.pdb,/cloud-data/snf-mgln-snf-sb-fram-s3/Yu/NanoBodyBuilder2/A1-vWF_R13h5_C.fasta,0.31630415,0.31163394,/cloud-data/snf-mgln-snf-sb-fram-s3/Yu/NanoBodyBuilder2/output_59/A1-vWF_R13h5_C_NBB2_aligned.pdb,0.6546627,0.2772108,0.3493245,0.2965566,0.613384,0.26847684,0.5768814,-1,-1,-1,-1,-1,-1,-1
Nb_3C1_119A3_81A12_vs_IL23_F,/cloud-data/snf-mgln-snf-sb-fram-s3/Yu/NanoBodyBuilder2/clean_Nb_59/Nb_3C1_119A3_81A12_vs_IL23_F.pdb,/cloud-data/snf-mgln-snf-sb-fram-s3/Yu/NanoBodyBuilder2/Nb_3C1_119A3_81A12_vs_IL23_F.fasta,1.2073622,1.1917305,/cloud-data/snf-mgln-snf-sb-fram-s3/Yu/NanoBodyBuilder2/output_59/Nb_3C1_119A3_81A12_vs_IL23_F_NBB2_aligned.pdb,2.016032,0.64514494,2.554534,1.1850071,1.4449321,0.8833145,1.5112029,-1,-1,-1,-1,-1,-1,-1
XDBv2_exp-24197-CD79A-Nb91F11B_N,/cloud-data/snf-mgln-snf-sb-fram-s3/Yu/NanoBodyBuilder2/clean_Nb_59/XDBv2_exp-24197-CD79A-Nb91F11B_N.pdb,/cloud-data/snf-mgln-snf-sb-fram-s3/Yu/NanoBodyBuilder2/XDBv2_exp-24197-CD79A-Nb91F11B_N.fasta,1.0695505,1.0820494,/cloud-data/snf-mgln-snf-sb-fram-s3/Yu/NanoBodyBuilder2/output_59/XDBv2_exp-24197-CD79A-Nb91F11B_N_NBB2_aligned.pdb,1.8656983,3.0703952,2.3950686,0.84178543,1.1568575,0.8718309,0.73199373,-1,-1,-1,-1,-1,-1,-1